,auc,evd,visual_index,timing_index,strategy_index,mouse_id,session_number,stage,behavior_session_id,aborted,false_alarms,max_dprimes,rewards
0,0.7793286345631791,-1723.6605022465956,3.2299944538275773,4.211439552649197,-0.9814450988216196,524761,18,3,1034887215,735,4,1.9827554605318953,83
1,0.8293636404035017,-1339.4590055206136,5.268902302858311,3.375075643513007,1.8938266593453037,524761,17,3,1034659380,462,2,2.564786397449756,81
2,0.8520310520433456,-1199.0442859651012,4.195975709222436,8.6164568500212,-4.420481140798763,524761,19,3,1035085134,486,3,2.4708898368883405,75
3,0.804280787775522,-1164.1724836276117,6.306958907651616,3.3362566837961136,2.9707022238555023,524760,6,3,1032395078,296,6,2.332943795077473,79
4,0.7720882003940823,-1080.203274470921,6.399220405495138,5.0388901049365895,1.360330300558548,524760,8,3,1033405814,216,6,1.26394554804586,95
5,0.857883694301314,-1050.1893780911923,5.507376838104023,14.746597455005448,-9.239220616901424,524760,9,3,1033613829,291,5,1.4886311749045995,97
6,0.7849885141359878,-1094.518618130067,11.406644125777856,3.949420235854992,7.457223889922865,524760,7,3,1033160344,264,2,3.1710615258780304,101
7,0.8057520140434469,-1810.7896222522904,1.5637911969970557,12.291533257524415,-10.72774206052736,531237,7,3,1042352531,785,2,1.9970691499472206,57
8,0.8122664714136535,-1518.0358446007303,1.5962426247497066,9.977598784567393,-8.381356159817686,531237,8,3,1042590922,600,5,1.4142280949887245,64
9,0.8365376946247508,-828.5066177507397,1.8427235969740248,5.03502978500613,-3.1923061880321053,531237,9,3,1042847275,194,3,0.8400135264810826,37
10,0.7637071651090342,-1426.672896927863,3.5651027625202434,7.369476698498367,-3.804373935978124,533537,7,3,1043758309,364,10,0.967421566101701,91
11,0.8013413049129192,-1402.6291158405002,1.4125971001925584,14.65480616864081,-13.242209068448252,533537,8,3,1044600724,337,5,1.2691021297984295,80
12,0.8103679606512467,-1667.4864698145248,2.458100226833156,18.819285032714983,-16.361184805881827,533537,9,3,1044996732,675,6,1.4787612401544596,96
13,0.828634391196115,-1126.5871868297909,6.644893520736754,4.414248938589867,2.230644582146887,533539,6,3,1050926946,308,5,2.620077054817543,85
14,0.8480259888690121,-975.6882005402005,7.917511152232158,8.29456438537018,-0.3770532331380218,533539,7,3,1051130808,274,5,1.959963984540054,78
15,0.8556029750253947,-789.1468556151376,15.379232295380124,3.154689261145548,12.224543034234577,533539,8,3,1051338427,168,0,3.267976883424714,93
16,0.8303632220955055,-1773.74719978145,0.6112511003728233,26.54379720544516,-25.932546105072337,541234,16,3,1055609811,910,4,1.956041315740682,70
17,0.8507619781783681,-1758.525577889799,0.1446178045781804,34.48853386797473,-34.34391606339655,541234,18,3,1056281961,979,6,1.1852473900111158,55
18,0.8506523081531461,-1687.9065223101716,0.7032510133157057,32.19871801296193,-31.495466999646226,541234,17,3,1056115005,918,8,0.967421566101701,68
19,0.7587525389637356,-1803.6798748835429,4.725045520072309,6.434237707545332,-1.7091921874730227,542072,11,3,1057606556,669,9,2.208610294548628,120
20,0.820156587509272,-1300.0925627486722,5.719508748631187,8.194673089289987,-2.4751643406588,542072,12,3,1057886878,382,6,1.50244717605596,101
21,0.8154128185394219,-1103.125054801203,9.16776557678974,6.196966130816534,2.9707994459732063,542072,13,3,1058174378,289,4,3.1567713216237867,96
22,0.9169624260601518,-868.010103297398,4.886643701258543,22.090542208833806,-17.203898507575264,544836,6,3,1058698214,324,3,1.640852523033228,72
23,0.7090088619684934,-877.453198171017,0.4638456072923381,3.162390383566737,-2.6985447762743986,544836,7,3,1059229994,156,0,0.40995294567015605,14
24,0.7174425087731329,-622.751106778378,0.7705425998781094,0.9973453037037516,-0.2268027038256423,544836,8,3,1059472936,66,1,0.0129024979266128,7
25,0.7351202667301737,-1355.3844534214077,5.424073033861347,4.586857422218252,0.8372156116430958,544838,8,3,1059468092,396,5,2.144807263585761,80
26,0.8734653966967271,-907.428044090102,16.441325048547846,4.686529307173471,11.754795741374377,544838,6,3,1058692080,258,3,2.108577435634259,103
27,0.768130330677787,-1353.1119497714972,6.554521569866729,4.0840693761908335,2.470452193675896,544838,7,3,1059233617,350,4,2.4061541463183267,96
28,0.8553926835708441,-1172.832742753526,4.878029628966544,5.442851164246427,-0.5648215352798838,544835,6,3,1058692082,345,5,1.198878183699945,82
29,0.8133730373096144,-796.2870341832095,6.177384791318575,3.546165323691055,2.63121946762752,544835,8,3,1059468094,170,1,2.2489731316463013,48
30,0.8400787445035234,-1149.4778545449735,5.0069940369578925,6.72151626942336,-1.714522232465467,544835,7,3,1059234095,324,5,1.5535005364992227,76
31,0.7600373848675479,-1585.0759189785897,2.6601987427811493,6.734931300475077,-4.074732557693928,544837,16,3,1061695378,443,6,1.856377285004886,94
32,0.7523954895856992,-1901.245945227398,0.0636472088329421,11.254488831111392,-11.19084162227845,544837,17,3,1062313505,680,6,0.7550509519035125,61
33,0.7683919261256844,-1100.6301711267806,8.433092963296767,1.918075615101669,6.515017348195098,544837,15,3,1061474921,219,2,1.699372541799574,89
34,0.8074129539953044,-1061.5232260851262,11.370967394563486,5.017918777258509,6.353048617304977,548465,12,3,1062327095,251,8,1.5025043811880234,104
35,0.8120133811250116,-968.7207079828222,12.045537365333688,6.179408198935346,5.866129166398342,548465,11,3,1061722976,220,4,2.416762562844304,95
36,0.7191967396366545,-1364.2919470615598,5.316295188553855,3.320907171822192,1.9953880167316624,548465,10,3,1061505394,328,5,1.6257674689251733,78
37,0.7661822629202206,-1515.170830626601,6.188682855258106,2.4568173109617097,3.731865544296397,548715,13,3,1069671000,443,3,2.2754526748794324,104
38,0.7994024667049526,-1158.2280519163396,7.758096721127727,4.784985461135868,2.9731112599918594,548715,15,3,1070957226,253,5,2.3413766419323636,100
39,0.7796312028009534,-1648.8474172200367,4.109153551419341,4.979148676635158,-0.8699951252158167,548715,14,3,1070619080,574,11,1.4260768722728474,89
40,0.8423507567168654,-1002.2717810807226,12.693873843264052,3.368518426343962,9.32535541692009,548720,7,3,1072354762,226,5,1.8485962885014091,106
41,0.8374121278600286,-1015.8201209563268,14.62970655050196,2.2060723653558103,12.423634185146147,548720,8,3,1072577074,234,1,2.684034943609876,117
42,0.7173346724896188,-1833.9565586422325,1.1378139254903092,5.803564866914116,-4.665750941423807,548720,9,3,1074495186,649,5,1.2631655236499295,90
43,0.7949024350765705,-1340.6246947409309,4.906099711133676,5.828055931819643,-0.921956220685967,548716,6,3,1072339169,356,3,1.6128782446798702,85
44,0.8151330481459116,-1224.3487912922865,6.301903331481691,7.1567819547920495,-0.8548786233103582,548716,7,3,1072547384,338,6,1.527530861388971,80
45,0.7989671464089709,-1499.1940849374514,4.746654675667421,7.973402588913764,-3.226747913246343,548716,8,3,1074477976,501,9,1.9111419917159882,93
46,0.7364575744542654,-1570.65431554128,2.252709821779784,2.897575881330164,-0.6448660595503801,548717,9,3,1074477981,413,3,2.0781931827384863,87
47,0.7965815018593388,-1258.537213636795,7.759540387450671,5.633484883829991,2.1260555036206803,548717,11,3,1074920488,349,5,2.0203925867843067,108
48,0.8086130592201728,-1294.2138486561307,5.7088060699386896,8.079175311466406,-2.370369241527716,548717,10,3,1074670616,358,7,1.3265071181790467,100
49,0.7587067453191914,-2057.952034579859,2.0050463094144813,8.336450543730404,-6.331404234315922,548721,6,3,1072145766,878,7,1.8494765422621722,80
50,0.8256072615195432,-1479.5975095066096,4.719359479046227,8.478161169271255,-3.7588016902250274,548721,7,3,1072339697,541,6,1.9145058250555569,98
51,0.7756850197205915,-2312.198122050664,0.7925368623378117,13.354127185434884,-12.561590323097072,548721,8,3,1074481734,1215,6,1.3597373839386055,51
52,0.8074391103319067,-1040.511922926009,6.900516379528542,3.8830709728499424,3.017445406678599,560962,7,3,1094656577,271,4,2.6749133193020618,87
53,0.8233311651872258,-577.9106071612405,7.735389605029774,4.761657792802794,2.9737318122269807,560962,6,3,1094100826,134,1,2.5964529732941832,35
54,0.7834333377333561,-1089.1078250640458,7.936735915158738,2.696957542641021,5.239778372517717,560962,8,3,1095128738,284,5,2.476118289168745,85
55,0.7801666474132759,-1067.531896283137,9.690198363782514,2.671848701955665,7.018349661826849,560964,6,3,1092626068,236,3,2.9954959276343707,82
56,0.735890194385051,-1029.8400103831154,7.81517189318793,2.354959330975283,5.460212562212647,560964,7,3,1093153433,202,5,2.644987238005216,64
57,0.697782156489849,-1228.44487368955,8.488777721396499,1.5312273653204134,6.957550356076085,560964,8,3,1093379122,273,3,3.2576939884833056,87
58,0.7428967024018597,-2064.9130313608694,3.130778484464372,6.740313489349127,-3.609535004884755,568022,10,3,1098609458,781,3,2.3266485631332747,100
59,0.8042414140558051,-1824.5907655210976,4.014254285691113,12.478486010200175,-8.464231724509064,568022,11,3,1099181430,682,10,1.4886311749045995,113
60,0.8490020972870577,-1008.8807617371058,7.042966550461041,8.312260005012325,-1.269293454551284,568022,9,3,1098385687,233,6,1.3560442718770094,87
61,0.7893537905265022,-751.9836407419789,8.962656094153125,2.9201694434876435,6.042486650665482,571520,8,3,1101080541,103,0,2.2914519956380235,53
62,0.7985007978280025,-710.5923104843678,8.143013109095008,3.1857784451689284,4.95723466392608,571520,9,3,1101322871,99,1,1.6448536269514729,51
63,0.8154587405418752,-905.6404283227384,5.2078224211209285,4.850362630877727,0.3574597902432019,571520,7,3,1100793165,195,3,1.1421554357296746,49
64,0.8449030904909913,-763.2211789022549,14.418557244619103,4.814412107500577,9.604145137118524,576323,5,3,1111249595,175,3,2.8156721098971467,72
65,0.8520230130619741,-673.8938181657868,18.123072059217023,5.159702843373072,12.96336921584395,576323,6,3,1111426400,144,1,2.9450070603148957,83
66,0.7867914264226623,-1230.785717144041,12.04888951836622,4.6861270593556,7.362762459010621,576323,7,3,1112117024,344,2,2.9448877960053768,131
67,0.8650896414342629,-834.4861349515777,14.78297713939891,0.98334490304993,13.79963223634898,576324,6,3,1111427544,172,3,3.0582909854601725,98
68,0.6916472060645664,-938.7078897111932,1.2999569991445046,0.050645855660953,1.2493111434835515,576324,8,3,1112338074,109,2,1.249409772217262,35
69,0.7974991401579183,-942.4375606135072,11.173611953099984,0.4424285748189817,10.731183378281004,576324,7,3,1112117022,141,1,2.7018860342054296,88
70,0.6953781262995308,-2039.161243194074,0.2450568179519893,4.377980438297622,-4.1329236203456325,578003,6,3,1113723874,844,6,1.4310770314226926,64
71,0.7568432432432433,-1476.243072005578,1.897197173678681,5.188780284644717,-3.291583110966036,578003,5,3,1113450532,399,3,1.5562569545008658,82
72,0.7123890164115889,-1899.028988152961,0.1282737419213397,6.4594486799351065,-6.331174938013767,578003,7,3,1113937415,633,10,1.1503493803760079,50
73,0.8588904829215807,-600.5909988145577,24.98167452471709,6.161912969105575,18.819761555611517,579993,9,3,1116896007,135,2,2.696891615445737,88
74,0.8031386115845575,-968.9227527369804,14.545633124963366,4.405683208872484,10.139949916090885,579993,8,3,1116697809,229,3,2.426589146452179,109
75,0.825734642239623,-931.5230475820936,9.984344843692174,3.4803149362055743,6.5040299074866,579993,7,3,1116433179,208,3,2.36511137978098,83
76,0.8514241211880993,-569.2570259136191,34.012749370003974,3.5084748558072505,30.504274514196723,585326,9,3,1124236078,83,2,3.00243831596893,106
77,0.8745496324066125,-580.3588669438104,30.879383573473834,5.834490690940855,25.044892882532977,585326,7,3,1123789401,98,2,2.729865568275131,99
78,0.8447288765088207,-630.4975966487182,29.525078151654927,3.874194469309323,25.650883682345604,585326,8,3,1124031793,87,3,2.479522990885547,115
79,0.8074113142312547,-968.8799534648642,21.98476478404084,5.202163888383058,16.782600895657783,585329,9,3,1125704043,189,6,2.8274315518116753,158
80,0.7771306964770329,-1319.219580892168,10.764397046708826,5.670443123530359,5.093953923178467,585329,7,3,1125254502,359,4,3.202253857791206,134
81,0.7578234798340124,-1180.7370712431075,13.506288921082058,4.095339114204828,9.41094980687723,585329,8,3,1125489477,250,3,3.244722465122908,137
82,0.8052934631106738,-1344.9796979852254,5.724663133557281,5.327258499403564,0.3974046341537169,524761,20,4,1035340292,450,7,1.9379315108528297,109
83,0.8134506246508557,-1072.6357840735946,3.808226992812911,10.13338230957106,-6.325155316758149,524760,10,4,1033820752,195,10,0.600698476387809,89
84,0.930325486370992,-463.2692911304257,1.9179470612889984,5.196648812893461,-3.2787017516044625,531237,10,4,1043159265,112,1,0.9745216451265143,24
85,0.8420627533999627,-1305.364217868511,8.389230940722104,17.855206708389034,-9.46597576766693,533537,10,4,1045550754,428,6,2.338824210906571,130
86,0.8313754173460673,-1017.9663194690074,13.905535752266829,4.888625086362587,9.01691066590424,533539,9,4,1051860415,220,6,2.168799101652705,131
87,0.8675430849450804,-1121.3295557473466,14.727552130186387,14.013295175703098,0.7142569544832913,541234,23,4,1057894268,362,6,2.59040817732284,151
88,0.8444197972382175,-1685.9141982360452,0.3492942225979366,29.4172602582109,-29.06796603561296,541234,20,4,1056739437,830,4,2.1880619149490506,70
89,0.8184647825951633,-1790.3456971079504,1.553566914902622,21.311581817535213,-19.758014902632592,541234,19,4,1056520886,857,3,2.8301534335233525,88
90,0.8450389385635996,-1630.7406967325803,0.1813234612365142,28.827049045386328,-28.64572558414981,541234,21,4,1057020839,751,11,1.0675705238781412,79
91,0.8293593396231856,-1651.4545054992705,3.175836734557389,21.72686271601502,-18.55102598145763,541234,22,4,1057629370,789,2,3.099994628633736,99
92,0.9096344972392876,-684.7042367406393,27.539771131950022,8.495989242190552,19.043781889759472,541234,24,4,1058146470,165,1,3.0658701701871656,126
93,0.8721320199494803,-754.2683759408537,16.895773560518116,5.407958035741145,11.48781552477697,542072,14,4,1058478659,161,1,2.8077264826259904,116
94,0.8402000681594932,-1355.6948358679656,1.9470438780521837,15.747452840170489,-13.800408962118306,544836,14,4,1061209141,462,5,1.6422283265097943,88
95,0.9013572204125948,-339.5405621274258,0.9313455108154288,2.7780282742763824,-1.8466827634609533,544836,9,4,1059677668,59,1,0.513549126041263,15
96,0.9812699742019946,-131.099490847344,2.065434824255803,7.378762898061539,-5.313328073805736,544836,10,4,1059883560,32,0,0.1696317961822178,5
97,0.7992998652079871,-1876.7300244185024,0.1510958151906553,18.234445545085787,-18.083349729895133,544836,16,4,1061654232,827,7,1.582947618733467,74
98,0.920398554248112,-117.3078362022934,2.6198735239293307,0.3797692936860891,2.240104230243241,544836,12,4,1060634278,21,0,-0.4636160066191892,0
99,0.932206682206682,-187.2208886047738,1.745867229941204,4.602227271460827,-2.8563600415196237,544836,13,4,1060849686,41,0,-0.38038528070301103,1
100,0.9370808123446368,-130.73235244703392,2.30548956999081,3.216721865810624,-0.9112322958198136,544836,11,4,1060077153,31,0,-0.49243323822492613,0
101,0.7530699528704652,-2033.3815649990063,0.0141637215367526,11.5076480974658,-11.493484375929048,544836,15,4,1061427805,825,8,0.6107396690881626,67
102,0.8928276537107112,-828.0326018577543,13.387049700164994,7.766866552820506,5.620183147344488,544838,9,4,1059650171,255,4,2.120593343114257,94
103,0.8367235796965862,-1285.1729802718692,4.448943604557283,7.247579171562155,-2.7986355670048715,544835,9,4,1059650175,434,4,2.2013586175115196,74
104,0.8769784515797048,-830.5683605320155,20.061536524568595,6.311960204844985,13.749576319723609,548465,13,4,1062575917,184,4,2.6909067836631073,125
105,0.8067221410684474,-1428.3650225815654,5.403817467492048,8.798379903063875,-3.394562435571827,548715,17,4,1071656322,419,5,2.1110708697073686,110
106,0.7774212785937681,-1427.47540074672,7.634531974238213,6.919441710822134,0.7150902634160783,548715,16,4,1071265695,395,6,2.3044543956363044,127
107,0.754057882145664,-1830.0050589958628,1.9862658331377452,9.912116713136244,-7.9258508799984995,548720,10,4,1074701715,651,8,2.4772328409352724,106
108,0.8707915293734121,-1154.8688611571415,5.782107942836156,13.930434210009151,-8.148326267172996,548716,9,4,1074651250,409,4,2.2877453543339237,86
109,0.7443010154293871,-1542.944120608532,7.068786393786006,3.817755929993859,3.251030463792147,548717,12,4,1075103608,441,8,1.8959610919809804,131
110,0.8053365554141692,-1799.6870497031414,1.405689492566076,14.460964605152842,-13.055275112586768,548721,9,4,1074684539,805,7,1.549065517000369,75
111,0.8016495914010361,-1719.3176845934504,3.7856293061854633,14.086275139030333,-10.30064583284487,548721,10,4,1074925781,713,8,1.8813005366449653,105
112,0.7949140429197995,-1551.4953544736054,5.281279217408104,10.348479189325325,-5.067199971917219,548721,11,4,1075097616,545,8,2.4135251590198763,126
113,0.8022850747726917,-1067.1922754522457,16.27342059427028,2.305714556462813,13.967706037807467,560962,9,4,1095337546,237,1,2.758192153463039,142
114,0.9046500777040276,-617.0698382571427,17.348714059227273,8.724234722051923,8.62447933717535,560964,9,4,1093583546,137,6,2.5084043860119962,80
115,0.7957682195322042,-1899.9108468632912,2.773282383374873,12.664634369498742,-9.891351986123867,568022,12,4,1099418970,758,4,2.459521097161785,93
116,0.9065932214810324,-528.4683649537328,17.702793611969458,6.9302625382670495,10.772531073702408,571520,10,4,1101501551,121,2,2.523418357387921,74
117,0.8624232912964502,-889.0312504229805,26.234402974271564,7.077263025170908,19.157139949100657,576323,8,4,1112338076,223,4,3.6291916627414533,154
118,0.8194666514390132,-776.7200415000989,8.782128668917055,1.7174912360084258,7.064637432908629,576324,10,4,1112785852,101,1,2.1397235428816046,75
119,0.7053353959684215,-2077.795230883676,3.442131187851085,2.687420095911585,0.7547110919395004,576324,11,4,1113534486,834,7,1.6648098292433098,117
120,0.9264703896583232,-191.33448859878263,0.3834671652672218,0.5871138998952965,-0.2036467346280746,576324,9,4,1112552076,30,1,0.6744897501960817,2
121,0.8100087491476475,-1477.6778800405882,8.537738991446384,5.050185184612797,3.4875538068335867,576324,12,4,1113793504,509,6,1.742079234071153,128
122,0.7946820268847502,-1499.6784181261974,4.630990803953293,8.387699147764021,-3.756708343810728,578003,14,4,1116468776,433,2,1.903411485759757,115
123,0.7209573975668682,-1782.5085615264834,0.2537321689540307,6.530638507355167,-6.276906338401137,578003,8,4,1114162717,603,5,1.8313401494860928,65
124,0.7389542028359852,-1744.2042080970132,1.9836849479117808,5.677775079013105,-3.694090131101324,578003,9,4,1114738525,631,4,1.8536954566686346,97
125,0.8013301284230663,-1683.7354106359962,1.6931365035270942,13.49317349221166,-11.800036988684566,578003,11,4,1115253955,630,11,1.465233792685523,92
126,0.7994701689037313,-1554.0365548516238,2.4932720187273496,12.00057254152096,-9.50730052279361,578003,10,4,1115010665,533,5,1.7544186305812333,100
127,0.7728066806390678,-1586.04297189536,2.264529158430178,9.12020066221997,-6.855671503789792,578003,12,4,1115619937,459,9,1.516110983768996,104
128,0.8184209847100484,-1265.5769085389256,7.51429405104806,8.915700044196146,-1.401405993148087,578003,13,4,1115879271,315,4,1.7934877794159299,120
129,0.907716529370108,-486.0244161214941,29.62801868251256,6.539766849052382,23.088251833460177,579993,10,4,1117113728,113,3,2.4649783163801313,89
130,0.9215066808202328,-435.3065495758783,55.19149396113695,5.279205764984095,49.91228819615286,585326,10,4,1124457104,83,2,3.7644293350335,122
131,0.856039727307333,-779.8753754456993,37.793934261872266,4.696232319130641,33.09770194274162,585329,10,4,1125919448,124,2,3.0042556978030888,186
132,0.8064261298168925,-1279.2448092990162,6.417695492994308,4.083608905773493,2.3340865872208143,524761,24,5_epi,1036855550,402,7,1.4050715603096329,103
133,0.7290948422618484,-1842.328708319299,6.278272681504239,4.690923827394782,1.5873488541094574,524761,25,5_epi,1037466182,760,6,2.0642251281952144,140
134,0.7101362693556399,-2221.446580580283,0.0505892526267101,6.853381808929665,-6.802792556302955,524761,21,5_epi,1035976487,1056,9,1.6906216295848986,64
135,0.7396025511120943,-2017.816589432092,0.0301394382096834,10.56647886284031,-10.536339424630626,524761,22,5_epi,1036434296,835,6,1.8951300990434312,60
136,0.7633971412408418,-1734.703102231062,1.6543213604102498,10.31616102550684,-8.66183966509659,524761,23,5_epi,1036629839,671,8,1.5720584223563612,102
137,0.7814852640050528,-1150.474853937878,0.8052865348043635,6.774346580023889,-5.969060045219526,524760,11,5_epi,1034508317,240,6,1.0577689931794367,52
138,0.8271054745427584,-1274.755945844583,3.531370266777565,7.645344858621826,-4.113974591844261,531237,12,5_epi,1044629197,371,4,1.6388064552116224,83
139,0.8317228880529954,-1323.9941724340897,4.218993325890057,9.449287856334252,-5.230294530444196,531237,11,5_epi,1043774368,407,8,1.0715053511521464,90
140,0.8290374611956121,-1021.6223156644484,11.937388408169337,6.7219970341821895,5.215391373987147,533537,16,5_epi,1047772100,195,8,1.516110983768996,125
141,0.8361829252795207,-1381.7544391939664,3.103376640499764,18.60630610172209,-15.50292946122233,533537,13,5_epi,1046638304,440,7,1.2723485328683717,95
142,0.7584173378760565,-465.485899208601,0.6469339658091114,0.8421207900990211,-0.1951868242899096,533537,15,5_epi,1047535739,66,0,-0.15185576736518058,4
143,0.7729263365360927,-1359.5604705030491,11.39815138001889,1.6506026354867884,9.747548744532102,533537,17,5_epi,1048001337,314,9,1.8336523109498317,158
144,0.770887627854841,-155.1336164720342,4.537380037634717,3.997246711210319,0.5401333264243986,533537,14,5_epi,1046925699,12,2,-0.18292781427430682,0
145,0.8783827126765419,-969.7578384659646,11.75796720325208,13.403725411586253,-1.6457582083341702,533537,11,5_epi,1045904194,269,7,2.1555635989178152,111
146,0.8385785345945982,-1344.3988555522883,5.031268785417002,16.664085667388107,-11.632816881971106,533537,12,5_epi,1046247654,443,6,1.9951896564643827,106
147,0.7923742668658605,-1451.5950064377466,6.839751029956245,9.928954570690628,-3.089203540734383,533539,11,5_epi,1052305334,426,7,1.4479435986101363,136
148,0.7910395252080273,-1590.3868628376367,6.171605557629778,9.117224015922682,-2.945618458292904,533539,10,5_epi,1052104716,532,7,1.9670054315453753,127
149,0.9232665168442632,-521.707671039112,50.33709568710153,7.158638655107677,43.17845703199385,541234,25,5_epi,1058467160,111,3,3.3867471017396795,148
150,0.8256458193118462,-1153.0889349670906,12.21051213520726,9.05791867390902,3.15259346129824,542072,16,5_epi,1059254645,281,7,2.2740781967989188,156
151,0.7533956348405928,-1433.272137823893,2.8453762120276584,7.208804063957443,-4.363427851929784,542072,15,5_epi,1058751471,312,7,1.3335279229022707,105
152,0.8405398731239686,-1148.9935549520742,11.618242640917533,12.475823291536727,-0.8575806506191945,544836,22,5_epi,1063891105,259,3,2.4423602535774425,144
153,0.8123163003528165,-1454.0671674936457,3.601345205003591,12.872951299421247,-9.271606094417656,544836,19,5_epi,1062731320,435,6,1.4376116622123765,112
154,0.8422761396848055,-1386.4489673554926,4.702763055974339,20.86683822053334,-16.164075164559,544836,20,5_epi,1062951905,478,11,1.876414927991537,129
155,0.8827191721668526,-1073.0325846016422,10.933630082304468,19.175734308794908,-8.24210422649044,544836,21,5_epi,1063206219,285,8,1.5748772198522976,129
156,0.7737482869150456,-1843.425227056796,2.7953833548024014,11.384538715605045,-8.589155360802643,544836,18,5_epi,1062500414,748,5,3.2623039621918792,113
157,0.7731375753041697,-2101.8958843535584,0.2435605144609154,13.98234599849525,-13.738785484034334,544836,17,5_epi,1062276047,1011,5,1.7688250385187065,67
158,0.8651127950428272,-1051.1654224879385,15.182126315564066,14.402701924746465,0.7794243908176028,544838,11,5_epi,1060056254,309,3,3.6621657785375294,148
159,0.8196384413926247,-1207.997141251617,16.978703479917428,8.4451793436764,8.533524136241027,544838,10,5_epi,1059870997,329,4,2.9954959276343707,165
160,0.8421109488313601,-1304.4875628300215,6.926386997493945,6.413103680058518,0.5132833174354268,544835,13,5_epi,1060986134,454,5,1.8339146358159146,97
161,0.85170237360959,-1132.7098008428002,7.040878263245756,9.910152466171244,-2.869274202925488,544835,11,5_epi,1060057412,355,1,3.0130812477976594,93
162,0.8595581722783526,-1082.632649682237,8.116364196991107,10.080190437513773,-1.963826240522664,544835,10,5_epi,1059871751,299,5,1.5480063117955325,93
163,0.8594085015803393,-897.4555650161346,19.93559126127632,7.2028777391040455,12.732713522172276,544835,17,5_epi,1062315484,226,5,2.6507543213733866,136
164,0.7254551788591277,-2106.9179047279613,4.006481982282619,5.27803875882972,-1.2715567765471008,544835,12,5_epi,1060682754,886,5,2.63581276004878,114
165,0.8527552783462202,-971.539299655029,16.545825145625006,6.6253440827345385,9.920481062890468,544835,16,5_epi,1061705670,263,2,3.1028109079284345,123
166,0.885705670859012,-747.4166331642336,20.60157855057321,5.249426258506964,15.352152292066249,544835,15,5_epi,1061475490,164,4,2.065657003137414,112
167,0.728017667074824,-1834.723213584424,3.4351160364764004,3.29592783636054,0.1391882001158606,544835,14,5_epi,1061253433,698,9,1.9919706139489222,105
168,0.7887934380559083,-1166.971246080626,12.000402937372964,4.177764662799389,7.822638274573575,544837,19,5_epi,1062764924,233,6,2.6015746119409133,138
169,0.8145014091220114,-1043.4081939398384,15.856428800053145,4.054162233458247,11.802266566594897,544837,20,5_epi,1063029430,190,2,2.508050479284802,139
170,0.9023440402189256,-626.5339702439596,42.26928670381003,3.157825063507809,39.111461640302224,548465,20,5_epi,1064892531,114,2,3.092904093855541,157
171,0.8734140671921782,-810.1994958337746,11.392919700545672,8.257661221429615,3.1352584791160574,548465,15,5_epi,1063068159,165,3,2.234289122136803,101
172,0.8793040532954077,-768.3492164631825,14.032577468059884,8.417856871537762,5.6147205965221225,548465,14,5_epi,1062776994,149,0,2.5331912677373563,105
173,0.8744324712306659,-679.6566860129969,12.268956207062011,6.370130335790824,5.898825871271187,548465,16,5_epi,1063926995,112,1,2.2874179867619717,80
174,0.8466981299394146,-465.01954919636046,3.0596078929318478,6.642890237903415,-3.5832823449715674,548465,18,5_epi,1064436633,51,1,0.7792938486346143,24
175,0.8751796410120676,-403.3285726363465,5.489751262536264,5.041889513117061,0.4478617494192027,548465,17,5_epi,1064168758,43,1,0.8654336512741143,22
176,0.8394837378732758,-675.1621650421512,4.619186257537768,0.5752951954203379,4.04389106211743,548465,19,5_epi,1064660686,107,2,0.9739340858490855,42
177,0.8128967053934144,-1053.5898126245193,7.466552592736403,5.097760880111122,2.3687917126252813,548465,21,5_epi,1065492447,220,4,1.8951300990434312,103
178,0.8746610729701492,-828.7209104285066,26.2191067101792,5.687531481884178,20.531575228295026,548465,22,5_epi,1065933287,149,6,2.335364674588269,157
179,0.8210716810812588,-1412.432310749151,11.096291075279616,11.786179707329204,-0.6898886320495876,548715,18,5_epi,1072144342,458,11,2.340780400823016,154
180,0.8079045517472694,-1414.0340446116752,6.516432893740866,13.264957300169836,-6.74852440642897,548720,12,5_epi,1075127005,403,9,2.045668193599616,135
181,0.8324205745805917,-1260.5313779459393,7.223997956823188,13.814818603326245,-6.590820646503055,548720,13,5_epi,1075366965,312,7,2.0574838772967197,131
182,0.7822319573802676,-1714.003060705043,1.9751819212039303,13.671942265235772,-11.696760344031842,548720,11,5_epi,1074949176,606,6,1.685550610428386,104
183,0.8687422555707567,-1261.8239504492449,7.52716008705177,22.46717470856878,-14.940014621517012,548716,10,5_epi,1074898303,422,7,1.6189182189986795,125
184,0.8595994325024527,-828.8415946166933,20.841399607609475,4.668199897273381,16.173199710336092,548716,17,5_epi,1076627836,123,8,2.5084043860119962,130
185,0.8757657183659664,-1004.8914208369316,10.041955047843446,19.230627250424032,-9.188672202580586,548716,12,5_epi,1075271140,296,6,2.468507512145726,116
186,0.8611977796973038,-880.3447183954704,11.246427007858337,12.151604261713835,-0.9051772538555004,548716,13,5_epi,1075832261,175,1,2.993226872054329,107
187,0.8912220058422591,-1018.1578197164343,8.745746747920595,26.03187315763602,-17.286126409715425,548716,11,5_epi,1075092390,335,8,2.537221617617733,111
188,0.8486589372390259,-759.1588383818744,15.270318325054133,6.770812128311793,8.49950619674234,548716,14,5_epi,1076041658,132,3,1.909497341097477,99
189,0.8923935383699757,-722.590983632188,25.389177148562972,8.03621632061672,17.352960827946255,548716,15,5_epi,1076244439,148,1,3.074000076199506,127
190,0.8248428712087936,-935.5117434144122,21.247544896953368,3.104189524327185,18.143355372626186,548716,16,5_epi,1076418744,160,7,2.361250750194176,145
191,0.7949098022655804,-1773.4314898578086,3.773706166872887,15.011478081949106,-11.23777191507622,548717,13,5_epi,1075283418,744,6,2.420840752856489,114
192,0.8396278296239865,-1568.8433228793438,4.559858876455909,22.48225006087515,-17.92239118441924,548717,14,5_epi,1075846795,677,11,1.5739246578633157,123
193,0.7552338756687214,-1816.902121543193,4.745598589365165,7.72573283204026,-2.9801342426750947,548721,12,5_epi,1075280303,689,2,2.848227919786161,118
194,0.8308959468340591,-1125.9763874923228,10.5745148217094,5.82238734010615,4.7521274816032495,548721,13,5_epi,1075847947,294,5,2.2433136943022474,125
195,0.7922076604223811,-1087.199841632646,19.152735212042263,1.618627915504648,17.534107296537613,560962,10,5_epi,1095601600,186,4,2.3958874645453294,159
196,0.8530421085674567,-1064.3126882211943,8.740994105238995,12.96647543369375,-4.225481328454755,560964,12,5_epi,1094645370,209,7,1.9278237389136854,124
197,0.9234300306682532,-311.7316341082915,52.52938959112895,4.0809866618512505,48.4484029292777,560964,11,5_epi,1094072049,42,0,3.7450191197959417,86
198,0.8686932378431678,-879.319045603821,12.541903408071686,5.47236781018673,7.069535597884956,560964,13,5_epi,1095094404,225,5,2.3707464636673232,92
199,0.901680417284994,-832.7764494430812,18.8206070709904,10.160636351069387,8.65997071992101,560964,10,5_epi,1093805166,242,3,3.4216811687876407,120
200,0.8962235614313598,-710.3109387798977,28.3906208218518,7.708975396035387,20.68164542581641,560964,14,5_epi,1095303170,138,4,2.5658069830239896,141
201,0.8715398157996583,-856.3542453156551,18.59544507634592,8.114181195074742,10.481263881271175,560964,15,5_epi,1095554374,197,4,2.2914519956380235,117
202,0.7733999787088488,-1425.3439177638356,12.674746563569844,4.97123911935608,7.703507444213764,560964,16,5_epi,1096231548,390,6,2.445501147697865,169
203,0.7929815561495114,-1643.651965171688,6.126864155137088,3.515469588685182,2.6113945664519056,568022,14,5_epi,1099899552,519,3,2.485527116494944,115
204,0.8130643328394228,-1477.111939035094,5.183636921124475,7.746032389251685,-2.5623954681272094,568022,15,5_epi,1100176590,478,3,2.443314788714788,110
205,0.8014707435465654,-1355.1538796547247,9.118208128086016,6.394491911884567,2.72371621620145,568022,13,5_epi,1099623073,321,2,2.5205184825731948,141
206,0.910832226090836,-407.8091139251046,16.099523899082655,7.4812883233066545,8.618235575776001,571520,11,5_epi,1102211933,63,1,1.8951300990434312,47
207,0.8154693201280812,-939.4326180705392,21.165574046221856,2.373836315494556,18.7917377307273,571520,14,5_epi,1102929924,190,5,2.626984173285055,146
208,0.848903030033018,-784.8929731533863,20.69328901838349,4.603839892190749,16.08944912619274,571520,12,5_epi,1102421273,154,3,1.7980187008763073,117
209,0.7921152254833519,-967.3349803238016,19.59982506885239,0.4330374266109756,19.166787642241413,571520,13,5_epi,1102608356,173,3,2.59424115709896,135
210,0.8790170441891236,-823.6837995882379,37.000200988476365,5.847099766182766,31.1531012222936,576323,9,5_epi,1112554800,194,6,2.913637748530701,184
211,0.8264427979317189,-1070.822181561765,7.112229985457728,2.9406596709817734,4.171570314475955,576324,13,5_epi,1113986711,281,3,2.199552337814164,98
212,0.7802841867719903,-1431.936316042731,0.7526216270055291,2.7827865473928504,-2.030164920387321,576324,15,5_epi,1114814628,449,4,1.2815515655446004,54
213,0.8164754501730971,-1513.6231826745206,6.254011065442914,7.591914944552642,-1.337903879109728,576324,14,5_epi,1114219288,551,4,2.284236007039196,114
214,0.8638405830859809,-971.3835516496983,32.27653365631715,6.080138571480685,26.196395084836464,576324,17,5_epi,1115366633,301,3,3.4216811687876407,191
215,0.7771267440028123,-1640.3220009499128,7.653953644796646,6.870570055918501,0.7833835888781451,576324,16,5_epi,1115088169,590,6,2.508050479284802,153
216,0.7491129094412331,-1370.61777662448,8.101709767463118,3.4866926513583354,4.615017116104783,578003,15,5_epi,1116715909,290,5,2.0569224667562813,146
217,0.7704337195779798,-1221.1601300202165,5.677772263096225,2.5708116755639097,3.106960587532315,579993,13,5_epi,1118060536,239,8,1.5415411667756707,111
218,0.8880036389555823,-578.8601352226906,21.60236042565688,5.019405380646408,16.58295504501047,579993,11,5_epi,1117297173,118,3,2.4351984471938297,97
219,0.8458019661497923,-801.9054246855885,15.958907268319164,3.647767199305379,12.311140069013785,579993,12,5_epi,1117817318,160,6,1.7109813229811317,110
220,0.8220273258510797,-1098.4410757427397,8.718290015260441,8.384041007712053,0.3342490075483884,579993,14,5_epi,1118300323,264,5,1.6422283265097943,121
221,0.8734655978983108,-909.1455501553428,18.617070916642604,9.782197689139824,8.834873227502781,579993,15,5_epi,1118496195,205,4,2.63581276004878,152
222,0.8877777672007032,-643.8230034838707,38.2749792232121,5.588691206859858,32.68628801635224,585326,11,5_epi,1124668180,126,1,3.386612334135167,150
223,0.8376706495872295,-906.4971488833252,25.000708182803827,6.267338751572595,18.73336943123123,585329,11,5_epi,1126117235,150,4,3.6101260459232507,165
224,0.7471417630935993,-1956.1335987326747,4.7040890586362,6.603285658636299,-1.8991966000000997,531237,31,5_lapsed,1051166160,769,4,3.0499251872611057,125
225,0.8477285597152828,-1102.9164031552973,12.928186355171595,10.128554987423042,2.799631367748555,531237,35,5_lapsed,1052337558,360,2,2.6766250000824874,134
226,0.8007414451926868,-1690.702012544556,4.36055130078811,8.027637655373637,-3.667086354585527,531237,30,5_lapsed,1050964920,672,8,1.8246796912900265,109
227,0.8679176926233714,-1077.341399627774,5.735441374982553,7.679098349540149,-1.943656974557596,531237,17,5_lapsed,1046591046,368,5,1.824162774533257,75
228,0.8976574082930796,-901.8945959748526,6.507458096254704,13.5732271120597,-7.065769015804996,531237,21,5_lapsed,1048008824,295,3,1.7308807326588806,71
229,0.83548451399098,-1336.480825511033,6.361830077830663,6.502568447279086,-0.1407383694484227,531237,28,5_lapsed,1050286728,461,5,1.7333694434740032,99
230,0.8746522820363722,-911.052550361186,15.922223928723048,10.350359583841051,5.5718643448819964,531237,36,5_lapsed,1052533824,228,7,2.159707600134792,136
231,0.7927664314836977,-1660.9870757494136,6.985284520665551,8.105171462846748,-1.1198869421811972,531237,32,5_lapsed,1051369434,639,9,1.6457997879063795,135
232,0.9191769449077674,-562.587164477467,6.816067587190747,9.467313445922846,-2.651245858732099,531237,24,5_lapsed,1049087721,162,3,1.465233792685523,40
233,0.9541904012102688,-351.6694734627963,11.97468234905587,5.610786336473615,6.363896012582255,531237,25,5_lapsed,1049284828,80,1,2.1037664101957225,40
234,0.83780127889818,-1120.8646450453523,6.729587502284358,4.572329772544287,2.1572577297400706,531237,16,5_lapsed,1046217735,362,4,1.472311188112302,82
235,0.8406319824794012,-879.7619685254831,9.093780196436576,4.951441780423101,4.142338416013475,531237,23,5_lapsed,1048418461,218,1,2.106468104819818,88
236,0.8956682966697684,-826.5447759506496,5.534724418846556,6.303859794286285,-0.7691353754397285,531237,15,5_lapsed,1045875451,257,4,2.537221617617733,57
237,0.8777387933222158,-1018.0314065112834,4.875020553451728,7.641572234926228,-2.7665516814745,531237,18,5_lapsed,1046902362,346,3,2.0711723567443867,74
238,0.7882153108278884,-1486.823813866009,6.162832523559756,6.727033069187692,-0.5642005456279353,531237,19,5_lapsed,1047551353,490,3,2.2674121669282354,112
239,0.82647025232622,-1373.555022679946,6.866973286331541,8.579654746575377,-1.7126814602438358,531237,20,5_lapsed,1047776813,489,2,3.221134438450185,110
240,0.8976566123121745,-937.0823880414936,5.84964384947599,14.298816775129646,-8.449172925653656,531237,22,5_lapsed,1048219493,339,4,2.1748356163239033,77
241,0.9086024004155616,-300.26270796285826,9.387596692983724,2.9150862687381003,6.472510424245623,531237,26,5_lapsed,1049519521,44,0,1.6419113162977828,23
242,0.8123758799305567,-564.1069773202908,11.644357101562772,0.1547995716293014,11.489557529933473,531237,27,5_lapsed,1049769442,64,1,1.3829087006052003,56
243,0.8390798706581896,-1399.3927409952375,3.973902034902704,6.956176260688441,-2.982274225785737,531237,29,5_lapsed,1050664123,531,5,2.399014903037829,88
244,0.8464791420174803,-1132.810991012033,22.74575682913102,8.361357993636389,14.384398835494633,533537,24,5_lapsed,1050311775,303,2,2.8620246868857366,201
245,0.7380200331182354,-1577.5148105371409,4.581054575157621,5.513046834664055,-0.9319922595064344,533537,22,5_lapsed,1049536543,346,11,0.7855368340551041,127
246,0.8365176955904773,-1180.995351313111,13.391377003304036,9.977597389882067,3.413779613421969,533537,23,5_lapsed,1049778048,306,6,1.9736287021586136,167
247,0.8436579569782281,-1098.4867149701968,15.482325192444629,8.083916873984366,7.398408318460261,544835,27,5_lapsed,1065476199,269,6,2.4423602535774425,157
248,0.8959788980616203,-644.9597016833504,15.81613830278227,4.841656044376085,10.974482258406184,544835,25,5_lapsed,1064649117,121,1,1.9426239851075426,88
249,0.8485919967639104,-728.3686872853141,18.874097432957488,1.2362650126135442,17.637832420343944,544835,24,5_lapsed,1064412813,103,6,1.3539849261749979,107
250,0.8755234889957775,-655.3159955383671,15.561420015767574,4.3396687248628485,11.221751290904724,544835,26,5_lapsed,1064856447,97,1,2.6990859622239465,90
251,0.8669172791457338,-877.0279292639534,17.35240415159103,7.94830131440437,9.40410283718666,544835,28,5_lapsed,1065921390,189,5,2.639819422703948,132
252,0.8096672452240927,-1137.9838754934171,11.74302871320576,4.406520594658148,7.336508118547612,544837,22,5_lapsed,1063915396,241,3,2.3491220894227416,138
253,0.7709449683570656,-1262.944623670599,11.781076708334068,3.866832868492084,7.914243839841983,544837,24,5_lapsed,1064412809,227,6,2.882013776498253,153
254,0.8363108591408637,-1266.8413517158624,15.094478737971242,14.111664469358548,0.9828142686126942,548715,23,5_lapsed,1074898315,405,11,2.4884167272766597,179
255,0.8158004235053915,-1406.4588985352675,8.117609091068505,13.043955499788604,-4.926346408720098,548720,16,5_lapsed,1076280175,392,4,2.4319009459206082,147
256,0.843631628533841,-1102.945382352089,16.577535770246485,9.9599138465232,6.617621923723284,548720,22,5_lapsed,1078089225,279,8,2.936504941637084,162
257,0.8155572805382791,-1216.4800535835384,14.32781744044201,3.065472047687247,11.262345392754764,548721,18,5_lapsed,1077486812,356,4,2.120213785995829,132
258,0.9533696963665992,-149.13198496138648,0.1891436553188935,0.0373209226919171,0.1518227326269763,548721,17,5_lapsed,1076654236,31,0,-0.49243323822492613,0
259,0.8150013340448239,-1176.9884456298532,19.380125144298336,2.927061786246252,16.453063358052084,548721,19,5_lapsed,1077693265,322,8,1.7929160570309368,177
260,0.918007997284274,-625.5698291191075,41.92273755536852,3.165085579852083,38.75765197551644,548721,20,5_lapsed,1077871356,118,3,2.416762562844304,145
261,0.977090195187643,-130.72920891910326,1.5853706690720468,0.639487296378862,0.9458833726931848,548721,16,5_lapsed,1076464988,42,0,0.0,3
262,0.7767134141137989,-1565.758822183292,8.268746267057649,8.230518554848846,0.038227712208803,568022,18,5_lapsed,1101292767,481,5,2.9530924711151987,156
263,0.8344907850773585,-1160.157728145503,3.496676027908597,5.512246958309863,-2.0155709304012657,568022,17,5_lapsed,1101059942,307,3,1.7438433272496288,73
264,0.7821605230464943,-1405.8336712351663,9.75952804982022,4.800976722429813,4.958551327390405,568022,19,5_lapsed,1101491532,345,6,2.1225328279322304,152
265,0.8500777214999586,-922.5058481546876,27.083034277690864,5.0124746914570375,22.070559586233827,579993,38,5_lapsed,1125697218,179,3,2.5694744368058715,167
266,0.7585680560512009,-1573.6216169973486,6.101828175777959,4.209511891917067,1.8923162838608916,579993,37,5_lapsed,1125501444,429,5,2.034992089979842,130
267,0.8772137038468697,-768.8226741268227,34.02629039200431,1.0761648947444304,32.95012549725988,579993,21,5_lapsed,1120522810,212,3,3.170812191025946,147
268,0.8766438412672222,-817.9473158026594,30.563693696522787,4.893959880798421,25.669733815724367,579993,20,5_lapsed,1120307810,210,1,2.939078446344447,148
269,0.7563655449763349,-1409.2962393210182,7.078285885834415,4.56281236489658,2.515473520937835,579993,29,5_lapsed,1123093694,289,10,1.812056229671524,137
270,0.7565949776230732,-1147.59401709144,9.616981269909624,3.047733995670188,6.5692472742394346,579993,30,5_lapsed,1123279081,189,0,2.141647718309582,127
271,0.9038789008873064,-444.9940799787437,1.281680765947046,10.948836400019688,-9.667155634072644,579993,32,5_lapsed,1124052250,106,2,1.465233792685523,22
272,0.8694964255241598,-547.7681773142613,2.8020975101699936,1.617175403092327,1.1849221070776663,579993,33,5_lapsed,1124273004,105,1,1.3923765967523969,29
273,0.7541817665032331,-275.9434283785522,0.2139402739907572,6.02478747956153,-5.810847205570773,579993,34,5_lapsed,1124483393,44,3,0.0,2
274,0.8002943727014376,-1275.4494909996647,3.3791174989379864,2.8475877823915283,0.5315297165464581,579993,36,5_lapsed,1125260357,340,5,1.382994127100638,83
275,0.7682955023118958,-113.50582492284592,1.5859172782785074,5.794795358257542,-4.208878079979035,579993,35,5_lapsed,1124677155,7,0,-0.43081278392827027,1
276,0.9081473967531654,-1175.3446157720173,2.6329932133909786,49.05452834610743,-46.42153513271646,585329,20,5_lapsed,1129048947,560,8,1.2072808227600034,116
277,0.9176157057439696,-813.1181532358896,43.0262727120134,21.29154194596997,21.73473076604343,585329,41,5_lapsed,1135107017,251,12,3.0077279864652438,242
278,0.8562133045680745,-1254.6164643645752,10.980805814812271,23.329591760142574,-12.348785945330302,585329,28,5_lapsed,1131651767,505,10,2.5342752849034254,154
279,0.8208173757874613,-1130.303301820837,7.850738239677622,10.859190846461065,-3.0084526067834423,585329,15,5_lapsed,1127440350,237,8,2.2813269886211662,116
280,0.8982160951785167,-1233.580560392933,1.7928369029657374,44.76097512591475,-42.96813822294901,585329,21,5_lapsed,1129644205,585,6,2.100566622468929,93
281,0.8635207542699029,-1232.2775425059954,3.923289317831323,26.49529807966477,-22.57200876183345,585329,38,5_lapsed,1134093278,430,11,1.2293794916617014,116
282,0.8324262009704062,-1349.2767822909518,2.995158209085361,17.56956788506171,-14.574409675976348,585329,16,5_lapsed,1128009932,389,8,2.1880619149490506,101
283,0.8773764768469839,-1333.814374974645,0.1025576311181381,38.52555297492729,-38.42299534380915,585329,27,5_lapsed,1131497514,590,12,0.7124430323894889,71
284,0.8752399936295765,-1182.4740346763283,6.747526954012397,27.9090925021398,-21.161565548127403,585329,17,5_lapsed,1128230936,381,7,1.8180119110508286,138
285,0.8766481458790311,-1260.2246896923823,3.82290311631756,31.03722716793521,-27.21432405161765,585329,18,5_lapsed,1128496433,450,12,1.1503493803760079,126
286,0.8817996964968167,-1241.3308414887724,2.4009402148401424,35.10900974005682,-32.70806952521668,585329,19,5_lapsed,1128706822,457,6,1.8568041715683048,101
287,0.9048944046218036,-1129.7246260110478,4.428469009087234,44.77767742328423,-40.349208414196994,585329,22,5_lapsed,1129839807,487,10,1.881903800418284,124
288,0.8986879842472497,-1099.4242938668904,7.438255857073431,36.38754884151913,-28.949292984445695,585329,24,5_lapsed,1130346783,422,6,1.9919706139489222,143
289,0.8535955135371704,-1375.6586288528742,5.077991011456608,22.45143051792721,-17.373439506470607,585329,29,5_lapsed,1131794350,555,5,2.5687206476957853,122
290,0.850596693184245,-1191.8223756433729,16.696011453833435,13.839742234497225,2.8562692193362107,585329,30,5_lapsed,1132234194,387,10,2.660789341901192,184
291,0.8433280433651736,-1319.2780346507209,0.3351175323996359,24.46747050314998,-24.132352970750343,585329,34,5_lapsed,1132878595,400,6,1.591886171098468,88
292,0.8841373138196633,-1306.0900068158153,0.4164792258257344,39.54204907960278,-39.12556985377705,585329,36,5_lapsed,1133612875,589,9,1.465233792685523,90
293,0.8899525760376747,-1189.457055648054,2.3190381010725254,38.2770145944305,-35.957976493357975,585329,37,5_lapsed,1133879512,541,11,0.8741980450880781,104
294,0.9138364706973294,-888.964771066996,31.930930777161542,27.54484622057388,4.386084556587662,585329,39,5_lapsed,1134322824,339,6,3.0582909854601725,190
295,0.9166471808453992,-836.4536227342396,27.546152113208123,24.6385867624204,2.907565350787724,585329,40,5_lapsed,1134858949,260,5,2.728238660827904,172
296,0.7948600787899246,-1396.6434180409815,13.738624394628724,5.478539254703599,8.260085139925124,524761,33,5_ready,1039510310,542,9,2.498293027974925,159
297,0.7986938064761765,-1239.4916377691115,25.58577749284048,2.839947360220424,22.745830132620053,524761,28,5_ready,1038110210,384,5,3.0311684406692065,216
298,0.7924297075647416,-1312.9532546897462,20.631017482553148,2.2753164450358865,18.35570103751726,524761,30,5_ready,1038770408,423,7,2.705255328295924,214
299,0.7821964632960623,-1431.0400314074575,18.166006214360923,3.607997885262471,14.558008329098453,524761,26,5_ready,1037729598,516,12,2.8993930076994516,194
300,0.8474165257629444,-1125.1565208315333,25.738783775726315,5.754336079478942,19.98444769624737,524761,27,5_ready,1037924499,389,1,4.0986420555601,191
301,0.770720665725769,-1354.203633778532,20.44536937163473,2.5387717552151927,17.906597616419532,524761,31,5_ready,1039002886,520,10,3.1579101274391954,207
302,0.794634747507969,-1318.3052480376027,18.13253002368482,2.916489772821946,15.216040250862871,524761,32,5_ready,1039252665,495,8,3.095466800286684,188
303,0.8153127743744591,-1125.703090820818,24.068885605684915,5.611898411053311,18.456987194631605,524761,34,5_ready,1039801382,361,4,3.7915816667263638,187
304,0.8015118654358722,-1423.0919700236336,17.02447589096604,5.956912989546374,11.067562901419668,524761,29,5_ready,1038281631,572,5,3.3834176962066183,196
305,0.8068063609560975,-1309.0127971363763,19.17131108331549,1.0321490090384176,18.139162074277078,524760,42,5_ready,1045879825,446,3,2.6879173787998436,149
306,0.8800501173046491,-812.7716943327541,23.097862819198777,10.289518238169697,12.80834458102908,524760,19,5_ready,1036676883,162,4,2.319343377147554,150
307,0.812796874076118,-997.8537415625397,26.16482522057801,2.4364304890586936,23.72839473151932,524760,46,5_ready,1047524271,178,2,3.0309702151415148,199
308,0.8511333381858897,-1034.6556434494414,13.910508334821426,10.809422887188584,3.1010854476328404,524760,32,5_ready,1041508951,166,5,1.9829573455031901,151
309,0.8493530753925344,-1087.895810237198,14.739434662792068,12.7628407992345,1.9765938635575664,524760,18,5_ready,1036466580,284,7,2.5694744368058715,155
310,0.7382871399902371,-1371.185445495852,10.059249571930442,0.5121268160989103,9.547122755831532,524760,36,5_ready,1042816424,238,2,2.199552337814164,137
311,0.8198806050368552,-1006.3641341279072,18.20577707883672,5.954136720570878,12.25164035826584,524760,26,5_ready,1039289496,178,5,2.295131169945871,157
312,0.7987259670096043,-1250.938181713187,11.769650676962256,8.252981738318047,3.5166689386442105,524760,28,5_ready,1040461526,269,11,1.357719299087313,161
313,0.7793498026662995,-1373.2044471555057,11.930527769566966,2.8695720187590013,9.060955750807963,524760,30,5_ready,1041104649,400,7,2.315191073577581,151
314,0.8490979865052195,-912.6868152543684,35.466395301235615,0.1810276299093921,35.28536767132622,524760,44,5_ready,1046616561,204,0,3.3137222508316,188
315,0.8321572656804823,-1092.6498374155126,18.082536604810983,0.2814151835697681,17.80112142124122,524760,43,5_ready,1046206826,301,2,2.9264051924960732,137
316,0.8539753265731344,-901.413821774513,14.951160398161592,9.829729707152476,5.121430691009117,524760,29,5_ready,1040856429,184,8,1.7207204211624285,135
317,0.8022000917963088,-1007.8607537212227,18.578357390105083,3.012033021497144,15.56632436860794,524760,39,5_ready,1044603838,139,2,2.1581341379131116,164
318,0.6656309414333346,-1165.06187550709,4.993239170437641,0.4878399780756864,4.5053991923619545,524760,47,5_ready,1047756186,169,9,1.4455272561046058,90
319,0.8030769090120178,-940.9549606286746,19.492969729626694,1.9378344879880949,17.5551352416386,524760,41,5_ready,1045537414,139,4,2.2433136943022474,149
320,0.787220065570435,-1163.5883243262251,24.21371726492713,1.1251379862784343,23.08857927864869,524760,45,5_ready,1046909888,302,5,2.729865568275131,181
321,0.7368849008816427,-1062.4607028035607,17.299336942341558,0.4040740222908122,16.895262920050747,524760,48,5_ready,1047981342,166,3,1.773592122216069,144
322,0.8193146750509763,-762.1700895060349,40.670852978072894,0.5641086951251557,40.10674428294774,524760,49,5_ready,1048211091,83,5,2.2691835023250184,181
323,0.7838890987877176,-731.8129160485842,38.90849286401675,0.4674409045312446,38.44105195948551,524760,50,5_ready,1048419485,76,2,2.0380719618087073,166
324,0.8554860659428629,-1101.6670821249645,6.347825635648925,15.433065294619954,-9.08523965897103,524760,12,5_ready,1034738114,321,8,1.626657283449806,112
325,0.7919605142332414,-805.6100571145143,0.3731095042813516,2.056034148437832,-1.6829246441564805,524760,13,5_ready,1034922464,156,1,0.6850189648808183,27
326,0.8074048480199322,-1083.4374410889725,3.9513736500227785,7.336520660166328,-3.385147010143549,524760,14,5_ready,1035133698,256,7,1.1503493803760079,79
327,0.8224128298286656,-1212.5930333878423,4.233681264210727,11.317220366694183,-7.083539102483458,524760,15,5_ready,1035451613,288,9,0.9911856087202677,106
328,0.7253555268261151,-1285.928112807007,6.283067428854053,3.1568324675224906,3.126234961331562,524760,16,5_ready,1036060994,239,5,1.3489795003921634,113
329,0.8413766180607694,-1079.820938588724,12.656906109914845,9.80704419512268,2.8498619147921627,524760,17,5_ready,1036279767,272,2,2.4649783163801313,138
330,0.7552255539087143,-889.4341124162966,17.253843407100913,1.0585918587346763,16.195251548366237,524760,20,5_ready,1036942496,131,1,2.159958925373775,120
331,0.7930854912924138,-975.7401240798936,18.40885978570455,2.2492969737705653,16.159562811933984,524760,21,5_ready,1037514584,148,1,2.7440715579262873,150
332,0.8480355207480601,-850.4480998288709,24.90560068684133,2.948827831539708,21.956772855301622,524760,22,5_ready,1037761417,140,3,2.508050479284802,150
333,0.8433254990162955,-1036.9338905761033,15.15733026420696,8.951896763031298,6.20543350117566,524760,23,5_ready,1037948176,223,8,1.9369709153273122,148
334,0.910462598416208,-635.3046843347656,16.601497543710757,5.478102887137915,11.123394656572842,524760,24,5_ready,1038133272,182,5,1.617558732051276,83
335,0.8534504621612823,-1030.3464927592322,15.9087366775185,9.15961270003401,6.749123977484491,524760,25,5_ready,1038797373,253,6,2.012343057051155,144
336,0.8267731190341241,-1170.463289599029,9.833189540524604,10.345568060626182,-0.512378520101576,524760,27,5_ready,1039830590,254,7,1.6881387956856795,138
337,0.758461267543041,-1259.8472282390212,6.5616352001221525,5.089158585326047,1.472476614796106,524760,31,5_ready,1041296481,206,10,1.385185607651279,122
338,0.8276084636904358,-1166.3071807619635,11.888723952051764,9.871328050495286,2.017395901556478,524760,33,5_ready,1042031031,226,5,2.2433136943022474,156
339,0.73859787864507,-1151.7492495125407,4.831344121472257,3.8688120907954913,0.9625320306767656,524760,34,5_ready,1042311455,149,5,1.2894516716698547,89
340,0.7221621441010987,-1531.273159657394,9.268032521982745,0.6846186068591952,8.58341391512355,524760,35,5_ready,1042584677,433,7,1.6832424671458286,145
341,0.7125375716610707,-1511.0547601208673,5.406993022375606,0.8316614105451986,4.575331611830408,524760,37,5_ready,1043137923,286,8,1.8177024840799263,123
342,0.7843472105704697,-1290.1332964919277,8.772779526352695,6.437088548249949,2.335690978102746,524760,38,5_ready,1043765740,230,6,1.9875794736838752,151
343,0.6952856943063153,-983.296884854688,10.49423782722756,0.424588847746538,10.069648979481023,524760,40,5_ready,1044999641,85,3,1.6044839971829188,107
344,0.9058554863686874,-807.1107852063978,10.611344963168811,10.604569959057253,0.0067750041115601,531237,34,5_ready,1052133518,273,7,2.2489731316463013,97
345,0.8743459103999915,-880.531731510222,13.22273181621856,11.147075274805834,2.0756565414127266,531237,37,5_ready,1052748814,248,3,2.62673187022403,114
346,0.8346084283747177,-1387.3886901522346,6.687361184963421,10.6581914371718,-3.970830252208379,531237,33,5_ready,1051925537,541,10,2.0239461173185074,129
347,0.8581789897719834,-1161.1625281119996,2.23501967090288,8.65179297276287,-6.4167733018599895,531237,13,5_ready,1045015223,380,3,1.2994731645854094,55
348,0.8794413951226291,-982.3729502396454,2.176897374054439,6.902714739581126,-4.725817365526687,531237,14,5_ready,1045526825,299,4,2.319343377147554,50
349,0.8158930501413015,-1097.271453084395,19.64529332696593,5.215678897540738,14.429614429425191,533537,25,5_ready,1050668465,209,5,2.560640384124751,175
350,0.8562744557564281,-1006.801155383866,15.467328844923452,8.773313443084877,6.694015401838575,533537,19,5_ready,1048430639,250,9,1.956041315740682,140
351,0.8420191980971797,-875.6972427715809,13.441236149680172,4.758801675455314,8.68243447422486,533537,29,5_ready,1051943283,171,5,1.98720140697267,111
352,0.8272522912499627,-988.763392998604,27.87323336495509,4.2656098919978325,23.607623472957258,533537,28,5_ready,1051380286,164,3,2.5177485590394455,205
353,0.8525779845593565,-382.7655512552665,4.995962604422681,3.623096148607528,1.3728664558151538,533537,21,5_ready,1049302025,44,0,1.101546230111699,23
354,0.8051870672366976,-1471.781797363692,2.90073936810057,13.745390962487358,-10.844651594386788,533537,20,5_ready,1049116555,412,6,1.9154827600540971,104
355,0.8664141679357245,-908.7290099428064,32.48227564718617,6.068498932634,26.41377671455217,533537,26,5_ready,1050968995,178,3,2.495643435966779,199
356,0.8027687290218972,-1346.1400676593476,5.8731041989706325,8.676856579934107,-2.8037523809634743,533537,27,5_ready,1051180953,314,8,1.3981488653971585,116
357,0.8219465477179376,-1287.6732897781912,8.504137746895772,12.366765530611405,-3.8626277837156326,533539,12,5_ready,1052512677,335,3,2.204453517114512,146
358,0.8408640573321373,-1179.1691792251297,14.293812973730994,11.240356723974696,3.053456249756298,533539,13,5_ready,1052709911,307,6,2.5978951409703757,168
359,0.9106696962449174,-641.6927805041923,38.59358100683822,6.439677050806515,32.153903956031705,541234,26,5_ready,1058745864,134,3,3.206797404879481,149
360,0.8945062995746491,-848.8444920484108,15.196996377826736,13.676903527488491,1.5200928503382445,542072,18,5_ready,1059663778,224,5,2.8420448026788945,114
361,0.8403510217534608,-982.4856982046404,7.650063786338043,8.99026221490887,-1.3401984285708275,542072,20,5_ready,1060066304,155,2,1.8988436218257907,110
362,0.9066609651783268,-673.4692360887784,29.57188252801081,7.91045051365846,21.66143201435235,542072,19,5_ready,1059870004,133,4,2.8629355161358303,143
363,0.7766677585447994,-1353.728827887746,6.825850319780289,5.648116601420157,1.1777337183601322,542072,17,5_ready,1059506135,327,6,2.3371808131318264,130
364,0.870074010874791,-853.7760322284303,25.05098086481608,6.551343065942726,18.49963779887335,544836,25,5_ready,1064620203,145,7,2.560640384124751,162
365,0.8489798447912464,-1023.6270095436994,11.317792567788052,7.891651888200078,3.4261406795879736,544836,23,5_ready,1064134549,206,3,2.0380719618087073,119
366,0.8942810764014141,-759.590730181073,23.81252725211504,8.653558140563891,15.158969111551148,544836,24,5_ready,1064356330,164,1,2.866533986501935,138
367,0.8049800181157073,-1145.9172906562526,15.84335821435464,5.277727505142381,10.565630709212256,544836,26,5_ready,1064797359,185,9,1.8494765422621722,169
368,0.8203756848421603,-1353.3129934146782,10.144834079120905,11.82740545152146,-1.6825713724005542,544838,12,5_ready,1060682758,426,7,2.421495012885852,145
369,0.8804185731231995,-996.3537195104436,20.823887754999745,15.065882685172276,5.758005069827469,544838,16,5_ready,1061696350,310,6,3.104404655579529,154
370,0.790193346881457,-1575.6742204823677,4.8244446429315815,11.72335625553959,-6.898911612608009,544838,13,5_ready,1060986129,512,6,2.0185335677818226,124
371,0.7487440957937852,-1712.2593685432655,8.329042674316016,4.439645624568091,3.8893970497479247,544838,15,5_ready,1061475492,537,11,1.7028515316103023,147
372,0.8119327011228942,-1480.6544656139886,5.3328971433208245,13.737770304517682,-8.404873161196857,544838,14,5_ready,1061253437,434,9,1.186517093740401,139
373,0.8192886655687854,-1138.7851847429338,15.03987281992899,4.995038637924399,10.04483418200459,544835,18,5_ready,1062560172,308,3,2.503616092187498,136
374,0.7953482441052417,-1294.2591617211365,13.373334430541735,6.047591493354453,7.325742937187282,544835,31,5_ready,1067366805,325,5,2.270794935952112,170
375,0.93763205102651,-470.0016662914204,36.73731643347144,11.294745205895902,25.44257122757554,544835,34,5_ready,1068088615,101,3,2.560640384124751,114
376,0.8303007190045784,-1174.7685988383018,13.9401651640125,5.807615355140663,8.132549808871836,544835,19,5_ready,1062764927,366,4,3.0545549846632647,132
377,0.8794715992555984,-829.36331672487,11.74400034998588,6.959318586336213,4.784681763649667,544835,23,5_ready,1064156024,220,1,2.8573319955207497,89
378,0.905151990514639,-723.9500285642644,19.10923708368696,8.723852233004664,10.385384850682296,544835,29,5_ready,1066127488,158,8,1.6060141474263592,118
379,0.7276166537402041,-2076.343433368427,3.641010595968261,4.670647572616658,-1.0296369766483968,544835,20,5_ready,1063027832,813,12,1.59321881802305,119
380,0.7977985227079709,-1551.6187518837903,7.200378611369882,8.657926985030564,-1.4575483736606811,544835,22,5_ready,1063915394,553,4,2.7548948001377207,135
381,0.7479694059099543,-1953.3438140638757,4.944970481162496,6.7144588106398855,-1.769488329477389,544835,21,5_ready,1063280283,782,7,3.492678806629929,130
382,0.8160826089785265,-1252.775173811002,17.432901174898127,5.509898212942302,11.923002961955826,544835,30,5_ready,1067027822,317,2,2.508050479284802,175
383,0.8681481502797026,-922.098831482108,28.58836419715503,8.190453329501022,20.39791086765401,544835,32,5_ready,1067603471,227,6,2.965051981809993,187
384,0.8572160372928334,-995.1202710211292,19.48685215915823,8.356337744715818,11.13051441444241,544835,33,5_ready,1067795809,226,4,2.284236007039196,161
385,0.750959582533059,-1184.4075029832384,6.306463584622837,1.7800770047242669,4.5263865798985705,544837,21,5_ready,1063280281,213,5,1.878477889872579,100
386,0.7661664177389705,-1380.9311079643303,9.81969402593197,4.2992758835553495,5.52041814237662,544837,23,5_ready,1064156022,308,4,2.3016277983308018,140
387,0.8286008660440833,-1010.3705849106846,25.5509876284852,4.091026905910751,21.459960722574447,544837,26,5_ready,1064856453,179,3,2.993226872054329,189
388,0.8885384200091644,-703.452586804473,46.68214261621079,4.429213707428709,42.25292890878208,548465,27,5_ready,1067815988,99,6,2.6879173787998436,195
389,0.9034303344667788,-557.1128197141516,45.321108262104985,3.6013935475165626,41.71971471458842,548465,26,5_ready,1067615228,65,3,2.6015746119409133,149
390,0.8860681325147662,-627.2528639101365,46.66441748696423,2.585947330178048,44.07847015678618,548465,25,5_ready,1067382321,111,1,3.206797404879481,168
391,0.8325801544857085,-879.1991390136754,25.440736374375355,2.4561065836230584,22.984629790752297,548465,24,5_ready,1067067458,140,6,2.080374897281496,162
392,0.8670948592948385,-753.7290471915221,24.92495746360504,3.602150960720173,21.322806502884863,548465,23,5_ready,1066140821,139,7,2.142043680888147,135
393,0.82423382017164,-926.1005850212896,29.15882292099522,1.1318674331233418,28.02695548787188,548465,28,5_ready,1068116062,158,3,2.872464169428578,177
394,0.8556474684735553,-1170.023977363744,14.14779283966346,15.2693675674842,-1.1215747278207395,548715,20,5_ready,1072550205,370,11,2.5581086518653793,148
395,0.8518624411236488,-644.4219398559508,19.938462339944905,1.6532361444119434,18.285226195532964,548715,22,5_ready,1074654034,101,1,2.0984657901913515,94
396,0.779405258958229,-1633.6402689698953,8.559993435999608,9.034314112614105,-0.4743206766144965,548715,19,5_ready,1072340333,579,9,1.985433680526478,148
397,0.8247138865884942,-1345.6490812361951,4.542301350653526,13.974845079194877,-9.432543728541347,548715,21,5_ready,1074471404,427,6,1.8339146358159146,104
398,0.7829678947601255,-1409.4658958468465,14.416201782088422,1.543069924798428,12.873131857289994,548715,24,5_ready,1075092388,495,2,3.12510846963891,170
399,0.7856137749660377,-1535.275997195553,10.42166924287638,6.795842590652381,3.6258266522239992,548715,25,5_ready,1075272122,542,9,2.2256886795603013,152
400,0.8192795170125144,-1403.0070407234452,6.441647668448719,14.732192704935432,-8.290545036486712,548720,20,5_ready,1077723093,434,9,1.8248391305720895,136
401,0.8291128017043117,-1011.8001829976783,20.4892352539728,4.802506446183143,15.686728807789654,548720,18,5_ready,1076705594,151,6,1.9862263317895623,172
402,0.8079821232089213,-1798.3022345630452,1.1064519275216635,17.72582627462933,-16.619374347107666,548720,19,5_ready,1077522309,761,6,1.7321312398880881,71
403,0.8230076555053693,-1529.2318503688512,2.560678934450559,18.071193326192567,-15.510514391742008,548720,14,5_ready,1075894873,500,6,1.7996732935624737,106
404,0.805239403605995,-1535.724626980089,5.461798249181053,11.918172252497335,-6.456374003316283,548720,15,5_ready,1076084811,467,7,2.553296540082643,125
405,0.8649351375531201,-758.9334450158494,26.646715708255503,5.306380595650838,21.340335112604663,548720,21,5_ready,1077907084,133,3,3.0736157566855367,143
406,0.7967440511029701,-1364.1737976198274,9.143500495044696,7.779630850015631,1.3638696450290633,548720,17,5_ready,1076489424,328,4,3.16943558095915,144
407,0.8806042307995896,-756.3233339616418,17.690739770207312,6.696867362062293,10.99387240814502,548716,21,5_ready,1078047231,108,9,1.9266092704613014,127
408,0.8647630408915372,-787.1851248940511,16.35326989973761,8.777537027425709,7.575732872311903,548716,18,5_ready,1077470034,129,6,1.8248391305720895,120
409,0.8164168669686604,-1110.4695818948749,16.05472623305763,7.419244683082099,8.63548154997553,548716,19,5_ready,1077693261,219,7,2.2433136943022474,168
410,0.8749741487611469,-790.642911186791,20.11972548784497,7.93747349652591,12.182251991319063,548716,20,5_ready,1077874329,114,5,1.9490105021703434,134
411,0.8763905703666703,-1048.8669509986066,14.255952784889708,11.32448101418442,2.9314717707052864,548717,18,5_ready,1076643144,297,5,2.4390909966809735,138
412,0.9074227088879984,-867.0995605610442,17.428811793064042,17.719035231806433,-0.290223438742391,548717,17,5_ready,1076448964,247,5,2.6580431956865995,128
413,0.8687950346196762,-1213.0850980011674,11.461697690567696,18.286426551098952,-6.824728860531257,548717,16,5_ready,1076261714,403,5,2.7548948001377207,144
414,0.8263808834286505,-1501.1344881155746,7.169467548213297,16.398776071395062,-9.229308523181764,548717,15,5_ready,1076056040,548,11,1.6457997879063795,131
415,0.9139483876989128,-115.87333881358065,15.36626150972053,0.7621350785059396,14.60412643121459,548721,15,5_ready,1076269784,3,1,0.6479471570026524,14
416,0.8529279347424858,-1025.942195100175,11.587335120887014,7.050695866071548,4.536639254815466,548721,14,5_ready,1076056042,268,3,2.848227919786161,120
417,0.8872045126590582,-632.0755633714653,25.20227566721822,6.509715225286341,18.69256044193188,548721,21,5_ready,1078042978,116,2,2.0848514111347605,101
418,0.8079665175349979,-1335.4988284867904,6.548661311597533,7.439939389703802,-0.8912780781062697,548721,22,5_ready,1078577890,403,5,1.6419113162977828,107
419,0.7680669012549907,-1389.8952897102354,10.566521700382644,4.25442962153944,6.312092078843205,560962,11,5_ready,1096255616,356,7,2.0312629778256808,156
420,0.8219453490095558,-1076.6202442181384,26.10245679492751,3.864849731625495,22.23760706330201,560962,14,5_ready,1096957312,245,6,3.2523648979200033,205
421,0.813236382279257,-1190.8109452477438,16.406142692614267,5.431061833905152,10.975080858709116,560962,12,5_ready,1096483226,242,7,2.0781931827384863,173
422,0.8241408516882089,-1451.604202164555,10.674226505984583,10.18752367837997,0.4867028276046135,560962,15,5_ready,1097187272,482,7,2.13085272186394,163
423,0.8379383129441148,-1052.6088618260255,21.289253963005777,7.979837747657529,13.309416215348248,560962,13,5_ready,1096713658,245,4,2.847820764184927,179
424,0.7914296873867211,-1412.978539188407,7.749886513647499,7.802238572827673,-0.0523520591801744,560964,27,5_ready,1099410171,283,9,2.0502820102932104,145
425,0.8011045386592546,-1516.5390718961353,5.025994051008027,11.721724879540382,-6.695730828532355,560964,28,5_ready,1099653152,411,11,1.6448536269514722,135
426,0.8487966886717211,-1220.2596402769268,9.716116827252012,17.098144267450035,-7.382027440198023,560964,31,5_ready,1100769409,325,12,1.7839537889179558,155
427,0.7977833420639078,-1468.090799505866,8.141883983688084,8.41500473449278,-0.2731207508046953,560964,17,5_ready,1096469887,396,7,2.743568198399058,152
428,0.841370400259707,-1038.9257953768538,15.89585841469042,6.843033029560054,9.052825385130364,560964,18,5_ready,1096671108,222,8,2.0038549555954908,147
429,0.7955064053753274,-1462.489147255641,8.528272834160713,9.52796689994906,-0.9996940657883452,560964,19,5_ready,1096944338,406,8,1.8248391305720895,152
430,0.7575481604176078,-1595.5010436084776,8.036251990425344,5.24654711711166,2.789704873313683,560964,21,5_ready,1097717223,443,10,1.7028515316103023,162
431,0.8126025043140945,-1366.158948364449,8.698060059716543,10.788043382749596,-2.089983323033053,560964,20,5_ready,1097172824,333,8,1.9323951756978917,151
432,0.7821842890784264,-1419.2572609509516,17.73200044597231,2.7502114464093665,14.981788999562944,560964,22,5_ready,1097949067,376,9,2.3899359027778613,205
433,0.7523620535714286,-1429.0863206410795,15.220409488640064,2.3323733523060475,12.888036136334016,560964,23,5_ready,1098133795,425,8,2.1725628808119795,181
434,0.7919781689953662,-1411.951319102729,8.980491945403623,7.774165135554252,1.2063268098493705,560964,25,5_ready,1098597821,314,11,1.9874977988879023,157
435,0.8112323926319935,-1477.512026664619,5.119084361351059,12.876514329055931,-7.757429967704874,560964,29,5_ready,1099900189,397,5,1.888639138596663,133
436,0.8485499608771497,-1103.9386023845218,12.868479080771644,9.518991145061262,3.349487935710382,560964,32,5_ready,1101055123,230,5,2.172833043554864,153
437,0.8423736543062201,-1188.1171109690183,13.60482489233061,12.388255274668255,1.216569617662353,560964,33,5_ready,1101290013,263,8,1.8366258533294215,172
438,0.8415436861076887,-1146.2097974564676,17.8567972850316,6.683488911531887,11.173308373499712,560964,30,5_ready,1100201646,266,4,2.479522990885547,175
439,0.8204324198510362,-1272.90566164552,5.582630058266408,12.3689114940023,-6.786281435735892,560964,34,5_ready,1101486794,258,7,1.934843132203402,127
440,0.8222195981560476,-1282.7877220585942,7.456441764832878,11.2202916790396,-3.763849914206723,560964,35,5_ready,1101698040,228,4,1.7893570880713274,142
441,0.7600312064314181,-1631.221590789581,4.734408247664879,6.422361224715687,-1.6879529770508084,560964,24,5_ready,1138834291,411,6,1.7556269762414076,133
442,0.869683285409938,-942.6724297152324,22.256205924755147,11.991275425614118,10.264930499141029,568022,35,5_ready,1106050257,258,3,3.3367763201631044,170
443,0.7623998570621665,-1636.827864349696,5.95815157149693,7.9037156105213615,-1.945564039024432,568022,21,5_ready,1102183216,476,12,1.6839190662796923,146
444,0.8792838940876674,-914.1615747267352,20.836893093861825,13.980004920715889,6.856888173145936,568022,33,5_ready,1105583599,250,9,2.3708114487187175,164
445,0.8047205015422392,-1486.521618740102,6.435712144556234,11.786108685122167,-5.350396540565933,568022,28,5_ready,1104098504,475,12,1.9153510424861513,141
446,0.7586895111766151,-2194.963639427391,1.1414541794952575,10.804318640756884,-9.662864461261623,568022,16,5_ready,1100782535,1002,4,1.5506325994429226,75
447,0.8066476056190923,-1178.135706665198,17.704813037717237,2.9407311247037464,14.764081913013491,568022,20,5_ready,1101689959,216,5,2.1700108908933062,167
448,0.737419132463676,-1914.644539302244,4.335094058195252,5.82210684465155,-1.4870127864562983,568022,22,5_ready,1102390735,704,5,3.0747661742089987,124
449,0.798978328890292,-1321.828988013498,7.927849736926415,6.335866590759361,1.5919831461670544,568022,23,5_ready,1102605297,396,9,2.5084043860119962,111
450,0.7824114966082533,-1487.7285444089794,9.685362828315808,6.042097529697811,3.643265298617997,568022,24,5_ready,1102811829,447,6,2.9524780832248165,147
451,0.8548643541594347,-1046.4854847907482,12.990251293151616,10.0018130881169,2.9884382050347185,568022,25,5_ready,1103020141,277,7,2.2365540181328463,139
452,0.8292549644159504,-1243.5550663676622,11.196882824647693,9.528932900509652,1.667949924138039,568022,26,5_ready,1103559051,342,8,1.9248248440993199,137
453,0.8305055666355738,-1340.0976048457378,10.097691340295842,12.418114869334271,-2.3204235290384307,568022,27,5_ready,1103821329,417,8,2.1231727991175147,157
454,0.8609449981543005,-1201.6520994937673,15.25921222410626,14.856949115125516,0.4022631089807458,568022,29,5_ready,1104302007,395,9,3.0322376367967694,170
455,0.8033477663176525,-1432.5193184450109,10.370628364403858,9.856360663193952,0.5142677012099064,568022,31,5_ready,1105106074,494,11,2.7053595060003577,162
456,0.909654619891776,-756.1357369214675,18.672001713228088,15.055473499948553,3.616528213279537,568022,32,5_ready,1105303069,206,7,2.078763667069438,131
457,0.8733283218997674,-900.7846169586774,25.52553165987147,9.104888264239891,16.42064339563158,568022,30,5_ready,1104547847,204,8,2.5450958158969827,171
458,0.8735402847887489,-1049.9999297202885,12.899063604504448,14.064483318481232,-1.1654197139767852,568022,34,5_ready,1105823993,311,8,2.515738854218954,149
459,0.8214105585864747,-1439.8320704227808,8.893230982207022,12.256678987243198,-3.363448005036176,568022,36,5_ready,1107006800,457,8,2.515738854218954,162
460,0.922388349514563,-726.9839598200269,16.930518056884424,19.83340119616554,-2.902883139281116,568022,38,5_ready,1107373825,195,4,2.5436967421674086,120
461,0.8752790776711719,-955.6463401949296,14.962004347041676,11.43891518739927,3.5230891596424083,568022,37,5_ready,1107186120,257,12,2.6122751930531733,135
462,0.7803451994653186,-1396.2054634702072,5.801068934594484,5.91226919425368,-0.1112002596591956,571520,18,5_ready,1104116217,364,6,1.591886171098468,118
463,0.7725931339969917,-1125.0877878976826,14.220112647763376,2.348890516873334,11.871222130890043,571520,16,5_ready,1103636920,220,3,2.361250750194176,142
464,0.7784631815900982,-1155.85870322751,19.100449022376388,1.3186110524090298,17.78183796996736,571520,20,5_ready,1104567994,266,3,2.165302313038943,164
465,0.7276619101604345,-1333.662173341887,8.345234265633241,1.4328054430887145,6.912428822544527,571520,17,5_ready,1103848600,265,6,2.0804200916392896,123
466,0.7785740620446284,-1291.8498244610964,13.70681500123228,3.624426485444058,10.082388515788224,571520,15,5_ready,1103053376,314,6,2.295131169945871,160
467,0.8420195228244596,-985.5545155452784,15.17233039149308,7.481388368544012,7.690942022949068,571520,19,5_ready,1104326011,197,5,2.0915512499150317,146
468,0.820530832746534,-1162.2526605030362,8.92706420653736,6.8858406762263,2.0412235303110595,571520,21,5_ready,1105124327,319,6,2.2484879846327335,129
469,0.8419852705517867,-926.7221261763988,20.517776388012383,6.209153337008027,14.30862305100436,571520,22,5_ready,1105319315,196,5,2.208488618029874,156
470,0.8324385453547829,-983.96712642692,21.366066793642304,4.765707423964343,16.60035936967796,571520,23,5_ready,1105606738,227,0,2.7730330240459957,160
471,0.7810763056320734,-909.6890163636926,18.289880008173657,0.9604408139808728,17.329439194192783,571520,24,5_ready,1106089618,144,1,2.3204666435568573,132
472,0.8355282569482678,-1109.9994256508216,25.731821784455448,6.882897801485154,18.84892398297029,576323,11,5_ready,1113535438,297,8,2.432655358787224,201
473,0.8880074658913686,-846.5290546761244,28.43653703910028,10.753501608488572,17.683035430611707,576323,10,5_ready,1112788916,215,7,2.36511137978098,156
474,0.8680413504448856,-778.3645772460368,38.54724010071357,6.76935924514052,31.77788085557305,576323,13,5_ready,1113985597,169,2,3.819685038997009,192
475,0.8543880660834704,-751.1581698067021,47.53148134764511,2.3247456423694746,45.206735705275634,576323,12,5_ready,1113795688,143,4,3.1398000372703336,198
476,0.8754173426134282,-772.8409917769386,40.92634311487055,6.773105898720432,34.15323721615012,576323,14,5_ready,1114219286,168,7,2.705255328295924,198
477,0.8190778643097099,-1319.8242503179135,15.797510467680596,11.009461553423344,4.788048914257255,576324,19,5_ready,1115944336,474,8,2.591065971730293,189
478,0.8494681905968697,-831.3603491543472,39.823866404188806,2.8206579926208137,37.00320841156799,576324,18,5_ready,1115679700,214,1,3.4824042760550054,202
479,0.8711805789409879,-846.746652782349,33.62612807883637,2.2650372650948625,31.361090813741512,578003,16,5_ready,1116938392,175,2,2.858487020464813,175
480,0.8943551963927436,-756.2888972612782,35.096280761913604,2.3168707001116817,32.779410061801926,578003,17,5_ready,1117129176,168,2,3.12510846963891,155
481,0.8994614223319533,-847.2390597698904,31.4775977968104,4.697541687979446,26.78005610883095,578003,18,5_ready,1117314622,219,4,2.588592996122599,162
482,0.8965342114773562,-752.5462260971617,19.56634859594318,12.127555944396793,7.438792651546388,579993,16,5_ready,1118822833,188,9,1.6448536269514722,129
483,0.7715016359181119,-616.8741047792573,2.2004563509513626,2.228872146185932,-0.0284157952345691,579993,31,5_ready,1123827395,94,1,1.2974154734061694,29
484,0.8840730227027473,-646.7968978757563,73.78356914349867,1.2977335220364776,72.48583562146219,579993,43,5_ready,1127239255,101,2,3.6958015095782137,235
485,0.8293169398907103,-997.868000606206,10.582717842039925,1.5847441590871387,8.997973682952784,579993,19,5_ready,1120022911,259,4,1.6810858579102748,98
486,0.8228263320827439,-1096.4216690549983,19.548219224216385,2.654267286568333,16.893951937648055,579993,25,5_ready,1121648063,269,3,2.36511137978098,164
487,0.8029872523421901,-1056.9782561691609,14.634289313119147,0.3008887648209364,14.333400548298211,579993,18,5_ready,1119807145,276,1,2.5860618605481065,121
488,0.6860236949278046,-1509.9033665693278,9.315392257461683,0.8476374430961803,8.467754814365502,579993,22,5_ready,1121051297,366,3,1.9393902391540903,150
489,0.7683939566814195,-1426.8559433607445,15.839872475957517,2.540952534911593,13.298919941045924,579993,24,5_ready,1121449630,426,3,2.744391581091133,181
490,0.9203101001588678,-554.6853113314792,36.02678046549162,4.713033647041546,31.313746818450078,579993,27,5_ready,1122679099,154,2,3.66954207841162,113
491,0.7874070109544183,-1091.7416276187723,10.29266404036434,3.035364080264553,7.257299960099786,579993,28,5_ready,1122897846,205,6,1.393885515882936,121
492,0.7419674295774648,-1449.8753890294392,6.830318187490731,4.5128283939886185,2.317489793502112,579993,26,5_ready,1122463692,361,5,1.70056266375504,130
493,0.9046393093913806,-666.909688770138,65.25162563691373,2.8643770967725493,62.38724854014118,579993,40,5_ready,1126112609,114,4,3.2786513613595583,224
494,0.8492101648908486,-734.9851915567706,34.00977474258854,1.8369278502825337,32.172846892306005,579993,39,5_ready,1125928022,91,2,2.1201260601053566,158
495,0.8561835397572634,-817.9121221430105,32.38730447350599,3.8043424892935054,28.58296198421249,579993,42,5_ready,1127051728,107,3,2.5751748998111403,179
496,0.8393969593455051,-941.547949576583,30.2615091991692,4.270208684552485,25.991300514616714,579993,41,5_ready,1126880443,175,4,2.6122751930531733,193
497,0.8887042653162771,-618.7992880388701,59.54917800862636,3.292051961250307,56.25712604737605,579993,44,5_ready,1127442707,88,2,2.9122226030517306,196
498,0.89298468894475,-721.7250528524964,32.309438363988185,8.521354052687991,23.7880843113002,585326,12,5_ready,1125257531,150,2,3.0299602640473218,165
499,0.8819851578090634,-673.6424339034202,43.955833818190506,5.093414798853447,38.86241901933706,585326,13,5_ready,1125491643,141,7,2.6754980879985837,174
500,0.8890686123780727,-713.2089936455741,35.02233009753756,7.73553083157998,27.286799265957583,585326,14,5_ready,1125706504,159,8,3.0736157566855367,151
501,0.8606799446924838,-1018.6257847785672,21.6408487426954,11.61866204981571,10.022186692879687,585326,15,5_ready,1125921566,260,11,2.6749133193020618,174
502,0.8748443676372746,-845.3525011310994,30.51981047419029,6.350501479031219,24.169308995159074,585326,16,5_ready,1126115786,215,6,2.7911297682487266,168
503,0.8751384633090213,-1044.5096444665032,14.074628299321482,16.90537410294168,-2.8307458036201965,585329,43,5_ready,1135551120,250,8,2.0574838772967197,172
504,0.8715694080179844,-1241.472472340909,8.214583840822232,24.959678909625925,-16.745095068803693,585329,32,5_ready,1132591016,447,6,2.1106969313508754,139
505,0.812606038647343,-1322.3455373829274,4.273333282374411,13.644226711144904,-9.370893428770492,585329,12,5_ready,1126881717,352,9,1.5490017388290536,116
506,0.7845003391610686,-1234.3020360439623,6.079810629862066,8.404946857581807,-2.3251362277197414,585329,13,5_ready,1127063812,233,4,2.893824719065684,107
507,0.8412450923398376,-1185.9916919275274,7.387247480873802,14.901201225432006,-7.513953744558204,585329,14,5_ready,1127250255,287,2,2.5073323586692764,128
508,0.9033358479529564,-1058.2315067439197,7.838252169540792,34.625986598505584,-26.787734428964797,585329,25,5_ready,1130545530,343,12,2.026492229622849,143
509,0.8557252610002871,-1380.771031599128,0.4549157811473943,29.64968516519699,-29.194769384049597,585329,26,5_ready,1131311228,560,7,1.2815515655446004,78
510,0.8115601867483011,-1411.313813382847,11.657760535766574,11.725852432091637,-0.0680918963250611,585329,31,5_ready,1132435788,518,9,2.3428809441431606,163
511,0.8395982169340419,-1414.419822040254,0.0681622948447698,25.028422318566392,-24.960260023721624,585329,33,5_ready,1132744410,480,7,1.1237599276914818,63
512,0.8706045074885292,-1155.951327216113,9.395389201514329,19.80587884384451,-10.410489642330184,585329,42,5_ready,1135345527,311,5,2.1397235428816046,156
513,0.918155996545827,-652.5425535631803,65.79040979266681,11.46921851911848,54.32119127354832,585329,44,5_ready,1135831584,145,11,3.419828258802026,265
